Record,Age,Number of Sexual Partners,First Sexual Intercourse Age,Number of Pregnancies,Smokes,Hormonal Contraceptive Usage,IUD,STD,HPV,Dx,Label
1,20-29,2-5,Under 16,Never,No,Yes,Yes,Yes,Yes,Yes,Medium
2,Under 20,More than 10,16-18,2,Yes,No,No,No,Yes,No,High
3,40 or above,0-1,19-21,3 or more,Yes,Yes,Yes,No,Yes,Yes,High
4,Under 20,0-1,16-18,1,No,Yes,No,No,No,No,Low
5,30-39,6-10,Under 16,Never,Yes,No,No,No,No,No,Low
6,40 or above,More than 10,22 or above,2,No,Yes,No,No,No,No,Low
7,Under 20,0-1,22 or above,Never,No,No,No,Yes,No,No,Low
8,20-29,0-1,19-21,1,Yes,Yes,Yes,Yes,Yes,Yes,High
9,30-39,6-10,19-21,2,No,No,Yes,Yes,No,No,Low 
10,20-29,2-5,22 or above,1,Yes,Yes,No,-,Yes,Yes,High